"","diff","lwr","upr","padj","sign"
"S2-S1",5.94533977289089,2.01533659587447,9.87534294990731,5.92422802925263e-06,"*"
"S3-S1",0.768764005927115,-3.16123917108931,4.69876718294354,0.999999999994859,""
"S4-S1",-3.46798664501626,-7.39798982203268,0.462016532000162,0.190388530686383,""
"S5-S1",1.28988646866722,-2.6401167083492,5.21988964568364,0.999997550837695,""
"S6-S1",-3.41264710343361,-7.34265028045003,0.51735607358281,0.218066676664017,""
"S7-S1",53.7790675239624,49.8490643469459,57.7090707009788,0,"*"
"S8-S1",1.79599506527224,-2.13400811174418,5.72599824228866,0.998172044155282,""
"S9-S1",0.521806718919028,-3.40819645809739,4.45180989593545,1,""
"S10-S1",-3.5521643957434,-7.48216757275982,0.377838781273023,0.153248620816148,""
"S11-S1",-2.24881239052754,-6.17881556754396,1.68119078648889,0.952841811874787,""
"S12-S1",-2.56864674036727,-6.49864991738369,1.36135643664915,0.818725834163664,""
"S13-S1",-2.55653679487163,-6.48653997188805,1.37346638214479,0.825871249543813,""
"S14-S1",-3.29269985322335,-7.22270303023977,0.637303323793076,0.287001400257939,""
"S15-S1",-3.56823810796199,-7.49824128497841,0.361765069054429,0.146820191630545,""
"S16-S1",-1.25277211853032,-5.18277529554674,2.67723105848611,0.999998740476119,""
"S17-S1",-3.03579547355802,-6.96579865057444,0.894207703458398,0.470330377786154,""
"S18-S1",-2.35424781438104,-6.28425099139746,1.57575536263538,0.921137848489787,""
"S19-S1",-3.20734710873117,-7.13735028574759,0.722656068285251,0.343149826755245,""
"S20-S1",-3.14137483666606,-7.07137801368248,0.788628340350363,0.390110999832183,""
"S21-S1",-3.16262894731716,-7.09263212433358,0.767374229699266,0.37467450544719,""
"S22-S1",-3.59110930538088,-7.52111248239731,0.338893871635536,0.138029027302693,""
"S23-S1",-3.59110930538087,-7.52111248239729,0.33889387163555,0.138029027302697,""
"S24-S1",-3.42739680899953,-7.35739998601595,0.502606368016896,0.210433507704065,""
"S25-S1",-3.15320177494418,-7.0832049519606,0.776801402072241,0.381487110322598,""
"S26-S1",-3.56112198336219,-7.49112516037861,0.36888119365423,0.149640494488023,""
"S27-S1",-3.59110930538091,-7.52111248239733,0.338893871635508,0.138029027302683,""
"S28-S1",-3.37778348022713,-7.30778665724356,0.552219696789286,0.236849538497997,""
"S29-S1",-3.59110930538097,-7.52111248239739,0.338893871635454,0.138029027302662,""
"S30-S1",-3.1282991176996,-7.05830229471602,0.801704059316824,0.399741610838877,""
"unk-S1",-3.59110930538095,-7.52111248239737,0.33889387163547,0.138029027302668,""
"S3-S2",-5.17657576696377,-9.1065789439802,-1.24657258994735,0.000313925765945355,"*"
"S4-S2",-9.41332641790715,-13.3433295949236,-5.48332324089073,0,"*"
"S5-S2",-4.65545330422367,-8.58545648124009,-0.725450127207252,0.00327953051431518,"*"
"S6-S2",-9.3579868763245,-13.2879900533409,-5.42798369930808,0,"*"
"S7-S2",47.8337277510715,43.903724574055,51.7637309280879,0,"*"
"S8-S2",-4.14934470761865,-8.07934788463507,-0.219341530602226,0.0236181899872725,"*"
"S9-S2",-5.42353305397186,-9.35353623098828,-1.49352987695544,9.34131295589058e-05,"*"
"S10-S2",-9.49750416863429,-13.4275073456507,-5.56750099161787,0,"*"
"S11-S2",-8.19415216341843,-12.1241553404348,-4.26414898640201,0,"*"
"S12-S2",-8.51398651325816,-12.4439896902746,-4.58398333624174,0,"*"
"S13-S2",-8.50187656776252,-12.4318797447789,-4.5718733907461,0,"*"
"S14-S2",-9.23803962611423,-13.1680428031307,-5.30803644909781,0,"*"
"S15-S2",-9.51357788085288,-13.4435810578693,-5.58357470383646,0,"*"
"S16-S2",-7.19811189142121,-11.1281150684376,-3.26810871440478,1.79641501674155e-09,"*"
"S17-S2",-8.98113524644891,-12.9111384234653,-5.05113206943249,0,"*"
"S18-S2",-8.29958758727193,-12.2295907642884,-4.36958441025551,0,"*"
"S19-S2",-9.15268688162206,-13.0826900586385,-5.22268370460564,0,"*"
"S20-S2",-9.08671460955695,-13.0167177865734,-5.15671143254053,0,"*"
"S21-S2",-9.10796872020805,-13.0379718972245,-5.17796554319162,0,"*"
"S22-S2",-9.53644907827177,-13.4664522552882,-5.60644590125535,0,"*"
"S23-S2",-9.53644907827176,-13.4664522552882,-5.60644590125534,0,"*"
"S24-S2",-9.37273658189041,-13.3027397589068,-5.44273340487399,0,"*"
"S25-S2",-9.09854154783507,-13.0285447248515,-5.16853837081865,0,"*"
"S26-S2",-9.50646175625308,-13.4364649332695,-5.57645857923666,0,"*"
"S27-S2",-9.5364490782718,-13.4664522552882,-5.60644590125538,0,"*"
"S28-S2",-9.32312325311803,-13.2531264301344,-5.3931200761016,0,"*"
"S29-S2",-9.53644907827186,-13.4664522552883,-5.60644590125544,0,"*"
"S30-S2",-9.07363889059049,-13.0036420676069,-5.14363571357407,0,"*"
"unk-S2",-9.53644907827184,-13.4664522552883,-5.60644590125542,0,"*"
"S4-S3",-4.23675065094337,-8.16675382795979,-0.306747473926952,0.0171926792597699,"*"
"S5-S3",0.521122462740101,-3.40888071427632,4.45112563975652,1,""
"S6-S3",-4.18141110936073,-8.11141428637715,-0.251407932344305,0.0210462361850884,"*"
"S7-S3",53.0103035180352,49.0803003410188,56.9403066950517,0,"*"
"S8-S3",1.02723105934513,-2.90277211767129,4.95723423636155,0.999999989465334,""
"S9-S3",-0.246957287008087,-4.17696046402451,3.68304589000833,1,""
"S10-S3",-4.32092840167051,-8.25093157868693,-0.390925224654092,0.0125420823208846,"*"
"S11-S3",-3.01757639645465,-6.94757957347107,0.912426780561771,0.484637596577855,""
"S12-S3",-3.33741074629439,-7.26741392331081,0.592592430722033,0.259892948467427,""
"S13-S3",-3.32530080079874,-7.25530397781516,0.604702376217679,0.267072235270096,""
"S14-S3",-4.06146385915046,-7.99146703616688,-0.13146068213404,0.0321602161523931,"*"
"S15-S3",-4.33700211388911,-8.26700529090553,-0.406998936872687,0.0117966810758392,"*"
"S16-S3",-2.02153612445743,-5.95153930147385,1.90846705255899,0.98830836818269,""
"S17-S3",-3.80455947948514,-7.73456265650156,0.125443697531284,0.0743764466911609,""
"S18-S3",-3.12301182030816,-7.05301499732458,0.806991356708263,0.403663503070542,""
"S19-S3",-3.97611111465829,-7.90611429167471,-0.0461079376418643,0.0429530530501081,"*"
"S20-S3",-3.91013884259317,-7.84014201960959,0.0198643344232483,0.0533300188597695,""
"S21-S3",-3.93139295324427,-7.86139613026069,-0.00138977622784919,0.049773859459907,"*"
"S22-S3",-4.359873311308,-8.28987648832442,-0.429870134291579,0.0108056021891667,"*"
"S23-S3",-4.35987331130799,-8.28987648832441,-0.429870134291565,0.0108056021891674,"*"
"S24-S3",-4.19616081492664,-8.12616399194306,-0.26615763791022,0.0199498317943392,"*"
"S25-S3",-3.92196578087129,-7.85196895788772,0.00803739614512633,0.0513252108512809,""
"S26-S3",-4.32988598928931,-8.25988916630573,-0.399882812272885,0.012121553546895,"*"
"S27-S3",-4.35987331130803,-8.28987648832445,-0.429870134291606,0.0108056021891654,"*"
"S28-S3",-4.14654748615425,-8.07655066317067,-0.216544309137828,0.0238553410806452,"*"
"S29-S3",-4.35987331130808,-8.2898764883245,-0.429870134291661,0.0108056021891645,"*"
"S30-S3",-3.89706312362671,-7.82706630064313,0.0329400533897095,0.0556241897609402,""
"unk-S3",-4.35987331130807,-8.28987648832449,-0.429870134291645,0.0108056021891646,"*"
"S5-S4",4.75787311368348,0.827869936667054,8.6878762906999,0.00211768518959765,"*"
"S6-S4",0.0553395415826472,-3.87466363543377,3.98534271859907,1,""
"S7-S4",57.2470541689786,53.3170509919622,61.177057345995,0,"*"
"S8-S4",5.2639817102885,1.33397853327208,9.19398488730492,0.000205866124023957,"*"
"S9-S4",3.98979336393529,0.0597901869188657,7.91979654095171,0.0410350819227197,"*"
"S10-S4",-0.0841777507271395,-4.01418092774356,3.84582542628928,1,""
"S11-S4",1.21917425448872,-2.7108289225277,5.14917743150514,0.999999328489063,""
"S12-S4",0.899339904648985,-3.03066327236744,4.82934308166541,0.999999999653521,""
"S13-S4",0.911449850144632,-3.01855332687179,4.84145302716105,0.999999999508431,""
"S14-S4",0.175286791792913,-3.75471638522351,4.10528996880933,1,""
"S15-S4",-0.100251462945734,-4.03025463996216,3.82975171407069,1,""
"S16-S4",2.21521452648594,-1.71478865053048,6.14521770350236,0.96062311090293,""
"S17-S4",0.432191171458236,-3.49781200555819,4.36219434847466,1,""
"S18-S4",1.11373883063522,-2.81626434638121,5.04374200765164,0.999999922187798,""
"S19-S4",0.260639536285088,-3.66936364073133,4.19064271330151,1,""
"S20-S4",0.326611808350201,-3.60339136866622,4.25661498536662,1,""
"S21-S4",0.305357697699103,-3.62464547931732,4.23536087471552,1,""
"S22-S4",-0.123122660364626,-4.05312583738105,3.8068805166518,1,""
"S23-S4",-0.123122660364613,-4.05312583738103,3.80688051665181,1,""
"S24-S4",0.0405898360167334,-3.88941334099969,3.97059301303315,1,""
"S25-S4",0.314784870072079,-3.61521830694434,4.2447880470885,1,""
"S26-S4",-0.0931353383459328,-4.02313851536235,3.83686783867049,1,""
"S27-S4",-0.123122660364654,-4.05312583738108,3.80688051665177,1,""
"S28-S4",0.0902031647891239,-3.8398000122273,4.02020634180555,1,""
"S29-S4",-0.123122660364709,-4.05312583738113,3.80688051665171,1,""
"S30-S4",0.339687527316662,-3.59031564969976,4.26969070433308,1,""
"unk-S4",-0.123122660364693,-4.05312583738111,3.80688051665173,1,""
"S6-S5",-4.70253357210083,-8.63253674911725,-0.772530395084407,0.0026862509573562,"*"
"S7-S5",52.4891810552951,48.5591778782787,56.4191842323116,0,"*"
"S8-S5",0.506108596605026,-3.4238945804114,4.43611177362145,1,""
"S9-S5",-0.768079749748188,-4.69808292676461,3.16192342726823,0.999999999994982,""
"S10-S5",-4.84205086441061,-8.77205404142704,-0.912047687394193,0.00146508946900248,"*"
"S11-S5",-3.53869885919475,-7.46870203621117,0.391304317821669,0.158795137802422,""
"S12-S5",-3.85853320903449,-7.78853638605091,0.0714699679819315,0.062879721625041,""
"S13-S5",-3.84642326353884,-7.77642644055526,0.0835799134775779,0.0653194896727685,""
"S14-S5",-4.58258632189056,-8.51258949890698,-0.65258314487414,0.00444351015828204,"*"
"S15-S5",-4.85812457662921,-8.78812775364563,-0.928121399612787,0.00136433628277,"*"
"S16-S5",-2.54265858719753,-6.47266176421395,1.38734458981889,0.833869060061754,""
"S17-S5",-4.32568194222524,-8.25568511924166,-0.395678765208818,0.012317292635567,"*"
"S18-S5",-3.64413428304826,-7.57413746006468,0.285868893968162,0.119209410181098,""
"S19-S5",-4.49723357739839,-8.42723675441481,-0.567230400381965,0.00629144245293456,"*"
"S20-S5",-4.43126130533327,-8.3612644823497,-0.501258128316853,0.00818168219252335,"*"
"S21-S5",-4.45251541598437,-8.38251859300079,-0.522512238967951,0.00752212169012223,"*"
"S22-S5",-4.8809957740481,-8.81099895106452,-0.950992597031679,0.00123219384833573,"*"
"S23-S5",-4.88099577404809,-8.81099895106451,-0.950992597031667,0.00123219384833506,"*"
"S24-S5",-4.71728327766674,-8.64728645468316,-0.78728010065032,0.00252212548397912,"*"
"S25-S5",-4.4430882436114,-8.37309142062782,-0.513085066594975,0.00780837759635533,"*"
"S26-S5",-4.85100845202941,-8.78101162904583,-0.921005275012987,0.00140810712322414,"*"
"S27-S5",-4.88099577404813,-8.81099895106455,-0.950992597031708,0.00123219384833462,"*"
"S28-S5",-4.66766994889435,-8.59767312591077,-0.73766677187793,0.00311480333809711,"*"
"S29-S5",-4.88099577404818,-8.8109989510646,-0.950992597031763,0.0012321938483344,"*"
"S30-S5",-4.41818558636681,-8.34818876338323,-0.488182409350392,0.00861346515542938,"*"
"unk-S5",-4.88099577404817,-8.81099895106459,-0.950992597031747,0.00123219384833417,"*"
"S7-S6",57.191714627396,53.2617114503795,61.1217178044124,0,"*"
"S8-S6",5.20864216870585,1.27863899168943,9.13864534572227,0.000269151938035339,"*"
"S9-S6",3.93445382235264,0.00445064533621853,7.86445699936906,0.0492789087334387,"*"
"S10-S6",-0.139517292309787,-4.06952046932621,3.79048588470663,1,""
"S11-S6",1.16383471290608,-2.76616846411035,5.0938378899225,0.999999775428888,""
"S12-S6",0.844000363066338,-3.08600281395008,4.77400354008276,0.99999999993529,""
"S13-S6",0.856110308561985,-3.07389286845444,4.78611348557841,0.999999999905493,""
"S14-S6",0.119947250210266,-3.81005592680616,4.04995042722669,1,""
"S15-S6",-0.155591004528381,-4.0855941815448,3.77441217248804,1,""
"S16-S6",2.1598749849033,-1.77012819211313,6.08987816191972,0.97128080444567,""
"S17-S6",0.376851629875589,-3.55315154714083,4.30685480689201,1,""
"S18-S6",1.05839928905257,-2.87160388796385,4.98840246606899,0.999999977773107,""
"S19-S6",0.205299994702441,-3.72470318231398,4.13530317171886,1,""
"S20-S6",0.271272266767554,-3.65873091024887,4.20127544378397,1,""
"S21-S6",0.250018156116456,-3.67998502089997,4.18002133313288,1,""
"S22-S6",-0.178462201947273,-4.10846537896369,3.75154097506915,1,""
"S23-S6",-0.17846220194726,-4.10846537896368,3.75154097506916,1,""
"S24-S6",-0.0147497055659138,-3.94475288258234,3.91525347145051,1,""
"S25-S6",0.259445328489432,-3.67055784852699,4.18944850550585,1,""
"S26-S6",-0.14847487992858,-4.078478056945,3.78152829708784,1,""
"S27-S6",-0.178462201947301,-4.10846537896372,3.75154097506912,1,""
"S28-S6",0.0348636232064767,-3.89513955380994,3.9648668002229,1,""
"S29-S6",-0.178462201947356,-4.10846537896378,3.75154097506907,1,""
"S30-S6",0.284347985734015,-3.64565519128241,4.21435116275044,1,""
"unk-S6",-0.17846220194734,-4.10846537896376,3.75154097506908,1,""
"S8-S7",-51.9830724586901,-55.9130756357065,-48.0530692816737,0,"*"
"S9-S7",-53.2572608050433,-57.1872639820597,-49.3272576280269,0,"*"
"S10-S7",-57.3312319197058,-61.2612350967222,-53.4012287426893,0,"*"
"S11-S7",-56.0278799144899,-59.9578830915063,-52.0978767374735,0,"*"
"S12-S7",-56.3477142643296,-60.277717441346,-52.4177110873132,0,"*"
"S13-S7",-56.335604318834,-60.2656074958504,-52.4056011418176,0,"*"
"S14-S7",-57.0717673771857,-61.0017705542021,-53.1417642001693,0,"*"
"S15-S7",-57.3473056319243,-61.2773088089408,-53.4173024549079,0,"*"
"S16-S7",-55.0318396424927,-58.9618428195091,-51.1018364654762,0,"*"
"S17-S7",-56.8148629975204,-60.7448661745368,-52.884859820504,0,"*"
"S18-S7",-56.1333153383434,-60.0633185153598,-52.203312161327,0,"*"
"S19-S7",-56.9864146326935,-60.9164178097099,-53.0564114556771,0,"*"
"S20-S7",-56.9204423606284,-60.8504455376448,-52.990439183612,0,"*"
"S21-S7",-56.9416964712795,-60.8716996482959,-53.0116932942631,0,"*"
"S22-S7",-57.3701768293432,-61.3001800063597,-53.4401736523268,0,"*"
"S23-S7",-57.3701768293432,-61.3001800063596,-53.4401736523268,0,"*"
"S24-S7",-57.2064643329619,-61.1364675099783,-53.2764611559455,0,"*"
"S25-S7",-56.9322692989065,-60.862272475923,-53.0022661218901,0,"*"
"S26-S7",-57.3401895073245,-61.270192684341,-53.4101863303081,0,"*"
"S27-S7",-57.3701768293433,-61.3001800063597,-53.4401736523268,0,"*"
"S28-S7",-57.1568510041895,-61.0868541812059,-53.2268478271731,0,"*"
"S29-S7",-57.3701768293433,-61.3001800063597,-53.4401736523269,0,"*"
"S30-S7",-56.907366641662,-60.8373698186784,-52.9773634646455,0,"*"
"unk-S7",-57.3701768293433,-61.3001800063597,-53.4401736523269,0,"*"
"S9-S8",-1.27418834635321,-5.20419152336964,2.65581483066321,0.999998144445266,""
"S10-S8",-5.34815946101564,-9.27816263803206,-1.41815628399922,0.000136117206132269,"*"
"S11-S8",-4.04480745579978,-7.9748106328162,-0.114804278783357,0.0340565146494028,"*"
"S12-S8",-4.36464180563952,-8.29464498265594,-0.434638628623095,0.010608808282053,"*"
"S13-S8",-4.35253186014387,-8.28253503716029,-0.422528683127449,0.0111151120861951,"*"
"S14-S8",-5.08869491849559,-9.01869809551201,-1.15869174147917,0.000475992558417238,"*"
"S15-S8",-5.36423317323423,-9.29423635025066,-1.43422999621781,0.000125675855686902,"*"
"S16-S8",-3.04876718380256,-6.97877036081898,0.881235993213863,0.460210793030147,""
"S17-S8",-4.83179053883027,-8.76179371584669,-0.901787361813844,0.00153302973201086,"*"
"S18-S8",-4.15024287965329,-8.08024605666971,-0.220239702636865,0.0235424897814301,"*"
"S19-S8",-5.00334217400341,-8.93334535101983,-1.07333899698699,0.000707604903553261,"*"
"S20-S8",-4.9373699019383,-8.86737307895472,-1.00736672492188,0.000956228802950099,"*"
"S21-S8",-4.9586240125894,-8.88862718960582,-1.02862083557298,0.000868269932632004,"*"
"S22-S8",-5.38710437065313,-9.31710754766955,-1.45710119363671,0.000112134412140419,"*"
"S23-S8",-5.38710437065311,-9.31710754766954,-1.45710119363669,0.000112134412139975,"*"
"S24-S8",-5.22339187427177,-9.15339505128819,-1.29338869725535,0.000250670480063997,"*"
"S25-S8",-4.94919684021642,-8.87920001723284,-1.0191936632,0.000906293232313948,"*"
"S26-S8",-5.35711704863443,-9.28712022565086,-1.42711387161801,0.000130199966032141,"*"
"S27-S8",-5.38710437065316,-9.31710754766958,-1.45710119363673,0.000112134412141085,"*"
"S28-S8",-5.17377854549938,-9.1037817225158,-1.24377536848296,0.000318152067779964,"*"
"S29-S8",-5.38710437065321,-9.31710754766963,-1.45710119363679,0.000112134412141307,"*"
"S30-S8",-4.92429418297184,-8.85429735998826,-0.994291005955418,0.00101446587922016,"*"
"unk-S8",-5.38710437065319,-9.31710754766961,-1.45710119363677,0.000112134412140863,"*"
"S10-S9",-4.07397111466243,-8.00397429167885,-0.143967937646005,0.0307980777819453,"*"
"S11-S9",-2.77061910944656,-6.70062228646298,1.15938406756986,0.679969602163897,""
"S12-S9",-3.0904534592863,-7.02045663630272,0.83954971773012,0.428142069100593,""
"S13-S9",-3.07834351379066,-7.00834669080708,0.851659663225766,0.437380447587389,""
"S14-S9",-3.81450657214237,-7.74450974915879,0.115496604874048,0.072134567099533,""
"S15-S9",-4.09004482688102,-8.02004800389744,-0.1600416498646,0.0291224824695758,"*"
"S16-S9",-1.77457883744934,-5.70458201446576,2.15542433956708,0.998510888081315,""
"S17-S9",-3.55760219247705,-7.48760536949347,0.37240098453937,0.151050537397684,""
"S18-S9",-2.87605453330007,-6.80605771031649,1.05394864371635,0.597553713771387,""
"S19-S9",-3.7291538276502,-7.65915700466662,0.200849349366222,0.0933228685256309,""
"S20-S9",-3.66318155558509,-7.59318473260151,0.266821621431335,0.112964309963486,""
"S21-S9",-3.68443566623618,-7.61443884325261,0.245567510780238,0.106305399587687,""
"S22-S9",-4.11291602429991,-8.04291920131633,-0.182912847283492,0.0268774750719456,"*"
"S23-S9",-4.1129160242999,-8.04291920131632,-0.182912847283478,0.0268774750719474,"*"
"S24-S9",-3.94920352791855,-7.87920670493497,-0.0192003509021323,0.0469528255118589,"*"
"S25-S9",-3.67500849386321,-7.60501167087963,0.254994683153213,0.109219138752292,""
"S26-S9",-4.08292870228122,-8.01293187929764,-0.152925525264799,0.029854083991143,"*"
"S27-S9",-4.11291602429994,-8.04291920131636,-0.18291284728352,0.0268774750719418,"*"
"S28-S9",-3.89959019914616,-7.82959337616258,0.0304129778702582,0.0551743493790525,""
"S29-S9",-4.1129160243,-8.04291920131642,-0.182912847283574,0.0268774750719387,"*"
"S30-S9",-3.65010583661862,-7.58010901363505,0.279897340397796,0.117222853602489,""
"unk-S9",-4.11291602429998,-8.0429192013164,-0.182912847283558,0.0268774750719378,"*"
"S11-S10",1.30335200521586,-2.62665117180056,5.23335518223228,0.999996905597397,""
"S12-S10",0.983517655376125,-2.9464855216403,4.91352083239255,0.999999996495729,""
"S13-S10",0.995627600871771,-2.93437557614465,4.92563077788819,0.999999995215399,""
"S14-S10",0.259464542520053,-3.67053863449637,4.18946771953647,1,""
"S15-S10",-0.0160737122185943,-3.94607688923502,3.91392946479783,1,""
"S16-S10",2.29939227721308,-1.63061089980334,6.2293954542295,0.939073286822948,""
"S17-S10",0.516368922185376,-3.41363425483105,4.4463720992018,1,""
"S18-S10",1.19791658136235,-2.73208659565407,5.12791975837878,0.999999555142463,""
"S19-S10",0.344817287012228,-3.58518589000419,4.27482046402865,1,""
"S20-S10",0.41078955907734,-3.51921361793908,4.34079273609376,1,""
"S21-S10",0.389535448426243,-3.54046772859018,4.31953862544266,1,""
"S22-S10",-0.0389449096374865,-3.96894808665391,3.89105826737893,1,""
"S23-S10",-0.0389449096374732,-3.96894808665389,3.89105826737895,1,""
"S24-S10",0.124767586743873,-3.80523559027255,4.05477076376029,1,""
"S25-S10",0.398962620799218,-3.5310405562172,4.32896579781564,1,""
"S26-S10",-0.00895758761879328,-3.93896076463521,3.92104558939763,1,""
"S27-S10",-0.0389449096375145,-3.96894808665394,3.89105826737891,1,""
"S28-S10",0.174380915516263,-3.75562226150016,4.10438409253269,1,""
"S29-S10",-0.0389449096375691,-3.96894808665399,3.89105826737885,1,""
"S30-S10",0.423865278043801,-3.50613789897262,4.35386845506022,1,""
"unk-S10",-0.0389449096375531,-3.96894808665397,3.89105826737887,1,""
"S12-S11",-0.319834349839738,-4.24983752685616,3.61016882717668,1,""
"S13-S11",-0.307724404344091,-4.23772758136051,3.62227877267233,1,""
"S14-S11",-1.04388746269581,-4.97389063971223,2.88611571432061,0.999999984239785,""
"S15-S11",-1.31942571743446,-5.24942889445088,2.61057745958196,0.999995929688742,""
"S16-S11",0.99604027199722,-2.9339629050192,4.92604344901364,0.999999995164786,""
"S17-S11",-0.786983083030487,-4.71698626004691,3.14302009398593,0.999999999990279,""
"S18-S11",-0.105435423853508,-4.03543860086993,3.82456775316291,1,""
"S19-S11",-0.958534718203635,-4.88853789522006,2.97146845881279,0.999999998186789,""
"S20-S11",-0.892562446138522,-4.82256562315494,3.0374407308779,0.999999999715872,""
"S21-S11",-0.91381655678962,-4.84381973380604,3.0161866202268,0.999999999474018,""
"S22-S11",-1.34229691485335,-5.27230009186977,2.58770626216307,0.999994042945016,""
"S23-S11",-1.34229691485334,-5.27230009186976,2.58770626216309,0.999994042945016,""
"S24-S11",-1.17858441847199,-5.10858759548841,2.75141875854443,0.999999697032624,""
"S25-S11",-0.904389384416644,-4.83439256143307,3.02561379259978,0.999999999598825,""
"S26-S11",-1.31230959283466,-5.24231276985108,2.61769358418177,0.999996392458777,""
"S27-S11",-1.34229691485338,-5.2723000918698,2.58770626216304,0.999994042945016,""
"S28-S11",-1.1289710896996,-5.05897426671602,2.80103208731682,0.999999891823034,""
"S29-S11",-1.34229691485343,-5.27230009186985,2.58770626216299,0.999994042945016,""
"S30-S11",-0.879486727172061,-4.80948990418848,3.05051644984436,0.999999999807287,""
"unk-S11",-1.34229691485342,-5.27230009186984,2.58770626216301,0.999994042945016,""
"S13-S12",0.0121099454956464,-3.91789323152077,3.94211312251207,1,""
"S14-S12",-0.724053112856072,-4.65405628987249,3.20595006416035,0.999999999999217,""
"S15-S12",-0.999591367594719,-4.92959454461114,2.9304118094217,0.999999994707792,""
"S16-S12",1.31587462183696,-2.61412855517946,5.24587779885338,0.999996167095726,""
"S17-S12",-0.467148733190749,-4.39715191020717,3.46285444382567,1,""
"S18-S12",0.21439892598623,-3.71560425103019,4.14440210300265,1,""
"S19-S12",-0.638700368363897,-4.56870354538032,3.29130280865252,1,""
"S20-S12",-0.572728096298785,-4.50273127331521,3.35727508071764,1,""
"S21-S12",-0.593982206949882,-4.5239853839663,3.33602097006654,1,""
"S22-S12",-1.02246256501361,-4.95246574203003,2.90754061200281,0.99999999062821,""
"S23-S12",-1.0224625650136,-4.95246574203002,2.90754061200282,0.99999999062821,""
"S24-S12",-0.858750068632252,-4.78875324564867,3.07125310838417,0.99999999989745,""
"S25-S12",-0.584555034576907,-4.51455821159333,3.34544814243951,1,""
"S26-S12",-0.992475242994918,-4.92247842001134,2.9375279340215,0.999999995585804,""
"S27-S12",-1.02246256501364,-4.95246574203006,2.90754061200278,0.99999999062821,""
"S28-S12",-0.809136739859861,-4.73913991687628,3.12086643715656,0.999999999979167,""
"S29-S12",-1.02246256501369,-4.95246574203012,2.90754061200273,0.99999999062821,""
"S30-S12",-0.559652377332323,-4.48965555434874,3.3703507996841,1,""
"unk-S12",-1.02246256501368,-4.9524657420301,2.90754061200274,0.99999999062821,""
"S14-S13",-0.736163058351718,-4.66616623536814,3.1938401186647,0.99999999999856,""
"S15-S13",-1.01170131309037,-4.94170449010679,2.91830186392606,0.999999992822186,""
"S16-S13",1.30376467634131,-2.62623850067511,5.23376785335773,0.999996883531302,""
"S17-S13",-0.479258678686396,-4.40926185570282,3.45074449833003,1,""
"S18-S13",0.202288980490583,-3.72771419652584,4.132292157507,1,""
"S19-S13",-0.650810313859544,-4.58081349087596,3.27919286315688,1,""
"S20-S13",-0.584838041794431,-4.51484121881085,3.34516513522199,1,""
"S21-S13",-0.606092152445528,-4.53609532946195,3.32391102457089,1,""
"S22-S13",-1.03457251050926,-4.96457568752568,2.89543066650716,0.999999987404863,""
"S23-S13",-1.03457251050924,-4.96457568752567,2.89543066650718,0.999999987404863,""
"S24-S13",-0.870860014127898,-4.80086319114432,3.05914316288852,0.99999999985143,""
"S25-S13",-0.596664980072553,-4.52666815708897,3.33333819694387,1,""
"S26-S13",-1.00458518849056,-4.93458836550699,2.92541798852586,0.999999993995496,""
"S27-S13",-1.03457251050929,-4.96457568752571,2.89543066650714,0.999999987404863,""
"S28-S13",-0.821246685355508,-4.75124986237193,3.10875649166091,0.999999999968838,""
"S29-S13",-1.03457251050934,-4.96457568752576,2.89543066650708,0.999999987404863,""
"S30-S13",-0.57176232282797,-4.50176549984439,3.35824085418845,1,""
"unk-S13",-1.03457251050932,-4.96457568752575,2.8954306665071,0.999999987404863,""
"S15-S14",-0.275538254738647,-4.20554143175507,3.65446492227777,1,""
"S16-S14",2.03992773469303,-1.89007544232339,5.96993091170945,0.986697442182345,""
"S17-S14",0.256904379665323,-3.6730987973511,4.18690755668174,1,""
"S18-S14",0.938452038842302,-2.99155113817412,4.86845521585872,0.999999998950012,""
"S19-S14",0.0853527444921749,-3.84465043252425,4.0153559215086,1,""
"S20-S14",0.151325016557287,-3.77867816045913,4.08132819357371,1,""
"S21-S14",0.13007090590619,-3.79993227111023,4.06007408292261,1,""
"S22-S14",-0.298409452157539,-4.22841262917396,3.63159372485888,1,""
"S23-S14",-0.298409452157526,-4.22841262917395,3.6315937248589,1,""
"S24-S14",-0.13469695577618,-4.0647001327926,3.79530622124024,1,""
"S25-S14",0.139498078279165,-3.79050509873726,4.06950125529559,1,""
"S26-S14",-0.268422130138846,-4.19842530715527,3.66158104687758,1,""
"S27-S14",-0.298409452157567,-4.22841262917399,3.63159372485885,1,""
"S28-S14",-0.0850836270037894,-4.01508680402021,3.84491955001263,1,""
"S29-S14",-0.298409452157622,-4.22841262917404,3.6315937248588,1,""
"S30-S14",0.164400735523749,-3.76560244149267,4.09440391254017,1,""
"unk-S14",-0.298409452157606,-4.22841262917403,3.63159372485882,1,""
"S16-S15",2.31546598943168,-1.61453718758474,6.2454691664481,0.934151190100391,""
"S17-S15",0.53244263440397,-3.39756054261245,4.46244581142039,1,""
"S18-S15",1.21399029358095,-2.71601288343547,5.14399347059737,0.999999392033227,""
"S19-S15",0.360890999230822,-3.5691121777856,4.29089417624724,1,""
"S20-S15",0.426863271295935,-3.50313990572049,4.35686644831236,1,""
"S21-S15",0.405609160644837,-3.52439401637158,4.33561233766126,1,""
"S22-S15",-0.0228711974188922,-3.95287437443531,3.90713197959753,1,""
"S23-S15",-0.0228711974188789,-3.9528743744353,3.90713197959754,1,""
"S24-S15",0.140841298962467,-3.78916187805395,4.07084447597889,1,""
"S25-S15",0.415036333017813,-3.51496684399861,4.34503951003423,1,""
"S26-S15",0.00711612459980104,-3.92288705241662,3.93711930161622,1,""
"S27-S15",-0.0228711974189202,-3.95287437443534,3.9071319795975,1,""
"S28-S15",0.190454627734858,-3.73954854928156,4.12045780475128,1,""
"S29-S15",-0.0228711974189748,-3.9528743744354,3.90713197959745,1,""
"S30-S15",0.439938990262396,-3.49006418675403,4.36994216727882,1,""
"unk-S15",-0.0228711974189588,-3.95287437443538,3.90713197959746,1,""
"S17-S16",-1.78302335502771,-5.71302653204413,2.14697982198871,0.998384460930573,""
"S18-S16",-1.10147569585073,-5.03147887286715,2.82852748116569,0.999999940598064,""
"S19-S16",-1.95457499020086,-5.88457816721728,1.97542818681557,0.992885314437,""
"S20-S16",-1.88860271813574,-5.81860589515216,2.04140045888068,0.995823428597665,""
"S21-S16",-1.90985682878684,-5.83986000580326,2.02014634822958,0.995017262863411,""
"S22-S16",-2.33833718685057,-6.26834036386699,1.59166599016585,0.926674122863451,""
"S23-S16",-2.33833718685056,-6.26834036386698,1.59166599016587,0.926674122863456,""
"S24-S16",-2.17462469046921,-6.10462786748563,1.75537848654721,0.968687832193295,""
"S25-S16",-1.90042965641386,-5.83043283343029,2.02957352060256,0.995389750250078,""
"S26-S16",-2.30834986483188,-6.2383530418483,1.62165331218455,0.936363757028035,""
"S27-S16",-2.3383371868506,-6.26834036386702,1.59166599016582,0.926674122863442,""
"S28-S16",-2.12501136169682,-6.05501453871324,1.8049918153196,0.976749540752688,""
"S29-S16",-2.33833718685065,-6.26834036386707,1.59166599016577,0.926674122863423,""
"S30-S16",-1.87552699916928,-5.8055301761857,2.05447617784714,0.996262028528185,""
"unk-S16",-2.33833718685064,-6.26834036386706,1.59166599016579,0.926674122863429,""
"S18-S17",0.681547659176979,-3.24845551783944,4.6115508361934,1,""
"S19-S17",-0.171551635173148,-4.10155481218957,3.75845154184327,1,""
"S20-S17",-0.105579363108035,-4.03558254012446,3.82442381390839,1,""
"S21-S17",-0.126833473759133,-4.05683665077555,3.80316970325729,1,""
"S22-S17",-0.555313831822862,-4.48531700883928,3.37468934519356,1,""
"S23-S17",-0.555313831822849,-4.48531700883927,3.37468934519357,1,""
"S24-S17",-0.391601335441503,-4.32160451245792,3.53840184157492,1,""
"S25-S17",-0.117406301386157,-4.04740947840258,3.81259687563026,1,""
"S26-S17",-0.525326509804169,-4.45532968682059,3.40467666721225,1,""
"S27-S17",-0.55531383182289,-4.48531700883931,3.37468934519353,1,""
"S28-S17",-0.341988006669112,-4.27199118368553,3.58801517034731,1,""
"S29-S17",-0.555313831822945,-4.48531700883937,3.37468934519348,1,""
"S30-S17",-0.0925036441415741,-4.02250682115799,3.83749953287485,1,""
"unk-S17",-0.555313831822929,-4.48531700883935,3.37468934519349,1,""
"S19-S18",-0.853099294350127,-4.78310247136655,3.07690388266629,0.999999999913933,""
"S20-S18",-0.787127022285014,-4.71713019930144,3.14287615473141,0.999999999990231,""
"S21-S18",-0.808381132936112,-4.73838430995253,3.12162204408031,0.999999999979684,""
"S22-S18",-1.23686149099984,-5.16686466801626,2.69314168601658,0.999999061846908,""
"S23-S18",-1.23686149099983,-5.16686466801625,2.69314168601659,0.999999061846908,""
"S24-S18",-1.07314899461848,-5.0031521716349,2.85685418239794,0.999999968684362,""
"S25-S18",-0.798953960563136,-4.72895713757956,3.13104921645328,0.999999999985286,""
"S26-S18",-1.20687416898115,-5.13687734599757,2.72312900803527,0.999999470144122,""
"S27-S18",-1.23686149099987,-5.16686466801629,2.69314168601655,0.999999061846908,""
"S28-S18",-1.02353566584609,-4.95353884286251,2.90646751117033,0.999999990377626,""
"S29-S18",-1.23686149099992,-5.16686466801634,2.6931416860165,0.999999061846908,""
"S30-S18",-0.774051303318553,-4.70405448033497,3.15595187369787,0.999999999993807,""
"unk-S18",-1.23686149099991,-5.16686466801633,2.69314168601651,0.999999061846908,""
"S20-S19",0.0659722720651126,-3.86403090495131,3.99597544908153,1,""
"S21-S19",0.0447181614140151,-3.88528501560241,3.97472133843044,1,""
"S22-S19",-0.383762196649714,-4.31376537366614,3.54624098036671,1,""
"S23-S19",-0.383762196649701,-4.31376537366612,3.54624098036672,1,""
"S24-S19",-0.220049700268355,-4.15005287728478,3.70995347674807,1,""
"S25-S19",0.0541453337869906,-3.87585784322943,3.98414851080341,1,""
"S26-S19",-0.353774874631021,-4.28377805164744,3.5762283023854,1,""
"S27-S19",-0.383762196649742,-4.31376537366616,3.54624098036668,1,""
"S28-S19",-0.170436371495964,-4.10043954851239,3.75956680552046,1,""
"S29-S19",-0.383762196649797,-4.31376537366622,3.54624098036662,1,""
"S30-S19",0.0790479910315738,-3.85095518598485,4.00905116804799,1,""
"unk-S19",-0.383762196649781,-4.3137653736662,3.54624098036664,1,""
"S21-S20",-0.0212541106510975,-3.95125728766752,3.90874906636532,1,""
"S22-S20",-0.449734468714827,-4.37973764573125,3.48026870830159,1,""
"S23-S20",-0.449734468714813,-4.37973764573123,3.48026870830161,1,""
"S24-S20",-0.286021972333467,-4.21602514934989,3.64398120468295,1,""
"S25-S20",-0.011826938278122,-3.94183011529454,3.9181762387383,1,""
"S26-S20",-0.419747146696134,-4.34975032371255,3.51025603032029,1,""
"S27-S20",-0.449734468714855,-4.37973764573128,3.48026870830157,1,""
"S28-S20",-0.236408643561077,-4.1664118205775,3.69359453345534,1,""
"S29-S20",-0.449734468714909,-4.37973764573133,3.48026870830151,1,""
"S30-S20",0.0130757189664612,-3.91692745804996,3.94307889598288,1,""
"unk-S20",-0.449734468714893,-4.37973764573131,3.48026870830153,1,""
"S22-S21",-0.428480358063729,-4.35848353508015,3.50152281895269,1,""
"S23-S21",-0.428480358063716,-4.35848353508014,3.50152281895271,1,""
"S24-S21",-0.26476786168237,-4.19477103869879,3.66523531533405,1,""
"S25-S21",0.00942717237297552,-3.92057600464345,3.9394303493894,1,""
"S26-S21",-0.398493036045036,-4.32849621306146,3.53151014097139,1,""
"S27-S21",-0.428480358063757,-4.35848353508018,3.50152281895266,1,""
"S28-S21",-0.215154532909979,-4.1451577099264,3.71484864410644,1,""
"S29-S21",-0.428480358063812,-4.35848353508023,3.50152281895261,1,""
"S30-S21",0.0343298296175587,-3.89567334739886,3.96433300663398,1,""
"unk-S21",-0.428480358063796,-4.35848353508022,3.50152281895263,1,""
"S23-S22",1.33226762955019e-14,-3.93000317701641,3.93000317701643,1,""
"S24-S22",0.163712496381359,-3.76629068063506,4.09371567339778,1,""
"S25-S22",0.437907530436705,-3.49209564657972,4.36791070745313,1,""
"S26-S22",0.0299873220186933,-3.90001585499773,3.95999049903511,1,""
"S27-S22",-2.79776202205539e-14,-3.93000317701645,3.93000317701639,1,""
"S28-S22",0.21332582515375,-3.71667735186267,4.14332900217017,1,""
"S29-S22",-8.26005930321116e-14,-3.9300031770165,3.93000317701634,1,""
"S30-S22",0.462810187681288,-3.46719298933513,4.39281336469771,1,""
"unk-S22",-6.66133814775094e-14,-3.93000317701649,3.93000317701635,1,""
"S24-S23",0.163712496381346,-3.76629068063508,4.09371567339777,1,""
"S25-S23",0.437907530436692,-3.49209564657973,4.36791070745311,1,""
"S26-S23",0.0299873220186799,-3.90001585499774,3.9599904990351,1,""
"S27-S23",-4.13002965160558e-14,-3.93000317701646,3.93000317701638,1,""
"S28-S23",0.213325825153737,-3.71667735186268,4.14332900217016,1,""
"S29-S23",-9.59232693276135e-14,-3.93000317701652,3.93000317701633,1,""
"S30-S23",0.462810187681275,-3.46719298933515,4.3928133646977,1,""
"unk-S23",-7.99360577730113e-14,-3.9300031770165,3.93000317701634,1,""
"S25-S24",0.274195034055345,-3.65580814296108,4.20419821107177,1,""
"S26-S24",-0.133725174362666,-4.06372835137909,3.79627800265376,1,""
"S27-S24",-0.163712496381387,-4.09371567339781,3.76629068063503,1,""
"S28-S24",0.0496133287723906,-3.88038984824403,3.97961650578881,1,""
"S29-S24",-0.163712496381442,-4.09371567339786,3.76629068063498,1,""
"S30-S24",0.299097691299929,-3.63090548571649,4.22910086831635,1,""
"unk-S24",-0.163712496381426,-4.09371567339785,3.766290680635,1,""
"S26-S25",-0.407920208418012,-4.33792338543443,3.52208296859841,1,""
"S27-S25",-0.437907530436733,-4.36791070745315,3.49209564657969,1,""
"S28-S25",-0.224581705282955,-4.15458488229938,3.70542147173347,1,""
"S29-S25",-0.437907530436787,-4.36791070745321,3.49209564657963,1,""
"S30-S25",0.0249026572445832,-3.90510051977184,3.954905834261,1,""
"unk-S25",-0.437907530436771,-4.36791070745319,3.49209564657965,1,""
"S27-S26",-0.0299873220187212,-3.95999049903514,3.9000158549977,1,""
"S28-S26",0.183338503135057,-3.74666467388136,4.11334168015148,1,""
"S29-S26",-0.0299873220187759,-3.9599904990352,3.90001585499765,1,""
"S30-S26",0.432822865662595,-3.49718031135383,4.36282604267902,1,""
"unk-S26",-0.0299873220187599,-3.95999049903518,3.90001585499766,1,""
"S28-S27",0.213325825153778,-3.71667735186264,4.1433290021702,1,""
"S29-S27",-5.46229728115577e-14,-3.93000317701648,3.93000317701637,1,""
"S30-S27",0.462810187681316,-3.46719298933511,4.39281336469774,1,""
"unk-S27",-3.86357612569554e-14,-3.93000317701646,3.93000317701638,1,""
"S29-S28",-0.213325825153833,-4.14332900217025,3.71667735186259,1,""
"S30-S28",0.249484362527538,-3.68051881448888,4.17948753954396,1,""
"unk-S28",-0.213325825153817,-4.14332900217024,3.7166773518626,1,""
"S30-S29",0.462810187681371,-3.46719298933505,4.39281336469779,1,""
"unk-S29",1.59872115546023e-14,-3.93000317701641,3.93000317701644,1,""
"unk-S30",-0.462810187681355,-4.39281336469778,3.46719298933507,1,""
